Date,Product,Category,Quantity,Unit_Price,Total_Sales
2026-02-01,Headphones,Accessories,3,240.28,720.84
2026-03-28,Smartphone,Electronics,1,1735.12,1735.12
2026-03-17,Headphones,Accessories,1,259.8,259.8
2026-01-28,Mouse,Accessories,1,76.25,76.25
2026-03-13,Smartphone,Electronics,1,1800.96,1800.96
2026-02-23,Smartphone,Electronics,5,1838.88,9194.4
2026-01-01,Smartphone,Electronics,3,1790.86,5372.58
2026-02-05,Smartphone,Electronics,3,1835.67,5507.01
2026-01-14,Smartphone,Electronics,3,1748.76,5246.28
2026-02-14,Notebook,Electronics,3,3457.97,10373.91
2026-02-28,Monitor,Electronics,1,1171.74,1171.74
2026-01-11,Monitor,Electronics,4,1154.98,4619.92
2026-02-16,Monitor,Electronics,5,1175.18,5875.9
2026-01-06,Monitor,Electronics,1,1163.07,1163.07
2026-01-11,Headphones,Accessories,3,243.2,729.6
2026-02-05,Smartphone,Electronics,4,1865.97,7463.88
2026-01-21,Mouse,Accessories,3,81.09,243.27
2026-03-31,Keyboard,Accessories,3,147.83,443.49
2026-03-23,Headphones,Accessories,5,253.7,1268.5
2026-01-21,Smartphone,Electronics,2,1806.15,3612.3
2026-01-29,Mouse,Accessories,5,79.04,395.2
2026-01-30,Headphones,Accessories,1,245.61,245.61
2026-02-04,Notebook,Electronics,4,3606.77,14427.08
2026-02-10,Notebook,Electronics,5,3398.84,16994.2
2026-03-24,Smartphone,Electronics,4,1827.98,7311.92
2026-02-01,Mouse,Accessories,2,77.14,154.28
2026-03-16,Headphones,Accessories,3,251.53,754.59
2026-02-16,Mouse,Accessories,4,83.18,332.72
2026-03-07,Smartphone,Electronics,2,1889.52,3779.04
2026-01-15,Mouse,Accessories,1,76.73,76.73
2026-03-18,Smartphone,Electronics,4,1822.94,7291.76
2026-03-01,Notebook,Electronics,5,3459.67,17298.35
2026-01-02,Monitor,Electronics,5,1170.17,5850.85
2026-02-04,Headphones,Accessories,5,255.52,1277.6
2026-02-25,Headphones,Accessories,3,246.0,738.0
2026-03-06,Smartphone,Electronics,3,1791.67,5375.01
2026-03-22,Smartphone,Electronics,1,1801.38,1801.38
2026-03-19,Keyboard,Accessories,5,155.13,775.65
2026-03-11,Smartphone,Electronics,2,1737.51,3475.02
2026-02-11,Monitor,Electronics,5,1250.22,6251.1
2026-02-09,Mouse,Accessories,3,76.16,228.48
2026-01-11,Smartphone,Electronics,5,1720.43,8602.15
2026-03-10,Notebook,Electronics,1,3581.17,3581.17
2026-03-12,Smartphone,Electronics,4,1733.11,6932.44
2026-02-24,Smartphone,Electronics,5,1757.71,8788.55
2026-02-09,Smartphone,Electronics,2,1877.2,3754.4
2026-02-26,Mouse,Accessories,3,83.96,251.88
2026-01-29,Monitor,Electronics,2,1194.18,2388.36
2026-03-12,Notebook,Electronics,5,3443.33,17216.65
2026-01-10,Smartphone,Electronics,1,1815.92,1815.92
2026-01-09,Headphones,Accessories,2,253.28,506.56
2026-03-07,Notebook,Electronics,1,3625.87,3625.87
2026-01-28,Smartphone,Electronics,4,1760.13,7040.52
2026-03-15,Monitor,Electronics,5,1155.88,5779.4
2026-02-22,Mouse,Accessories,4,77.94,311.76
2026-02-15,Smartphone,Electronics,4,1726.98,6907.92
2026-03-28,Mouse,Accessories,1,79.29,79.29
2026-01-08,Headphones,Accessories,1,262.1,262.1
2026-02-01,Mouse,Accessories,1,81.83,81.83
2026-01-18,Smartphone,Electronics,4,1744.24,6976.96
2026-02-01,Mouse,Accessories,4,77.47,309.88
2026-01-13,Notebook,Electronics,5,3480.1,17400.5
2026-01-02,Notebook,Electronics,5,3553.25,17766.25
2026-01-22,Notebook,Electronics,2,3649.23,7298.46
2026-02-21,Mouse,Accessories,2,79.89,159.78
2026-02-19,Notebook,Electronics,1,3382.62,3382.62
2026-02-06,Keyboard,Accessories,4,156.4,625.6
2026-03-26,Mouse,Accessories,5,81.57,407.85
2026-02-07,Headphones,Accessories,2,249.67,499.34
2026-03-11,Smartphone,Electronics,5,1884.37,9421.85
2026-01-07,Notebook,Electronics,1,3586.79,3586.79
2026-01-21,Monitor,Electronics,5,1197.21,5986.05
2026-01-24,Notebook,Electronics,1,3661.27,3661.27
2026-02-21,Notebook,Electronics,2,3533.26,7066.52
2026-02-01,Notebook,Electronics,5,3654.56,18272.8
2026-01-11,Monitor,Electronics,5,1211.34,6056.7
2026-03-08,Mouse,Accessories,5,81.26,406.3
2026-03-27,Keyboard,Accessories,2,156.52,313.04
2026-02-20,Headphones,Accessories,3,245.35,736.05
2026-02-28,Smartphone,Electronics,3,1830.9,5492.7
2026-01-02,Keyboard,Accessories,1,156.44,156.44
2026-01-13,Mouse,Accessories,5,80.97,404.85
2026-02-03,Notebook,Electronics,5,3513.17,17565.85
2026-02-01,Smartphone,Electronics,1,1877.99,1877.99
2026-03-11,Keyboard,Accessories,4,146.77,587.08
2026-01-02,Headphones,Accessories,5,245.06,1225.3
2026-03-26,Headphones,Accessories,3,257.93,773.79
2026-02-03,Notebook,Electronics,2,3653.63,7307.26
2026-01-20,Notebook,Electronics,5,3636.4,18182.0
2026-02-13,Keyboard,Accessories,2,146.73,293.46
2026-03-06,Smartphone,Electronics,3,1833.75,5501.25
2026-01-12,Mouse,Accessories,1,78.01,78.01
2026-01-06,Headphones,Accessories,3,248.09,744.27
2026-03-23,Notebook,Electronics,2,3441.74,6883.48
2026-03-12,Keyboard,Accessories,4,144.92,579.68
2026-01-15,Headphones,Accessories,1,248.19,248.19
2026-03-11,Notebook,Electronics,2,3655.77,7311.54
2026-03-12,Notebook,Electronics,5,3617.11,18085.55
2026-02-09,Smartphone,Electronics,1,1787.36,1787.36
2026-02-15,Keyboard,Accessories,1,155.98,155.98
2026-02-15,Smartphone,Electronics,1,1832.77,1832.77
2026-03-21,Monitor,Electronics,4,1246.1,4984.4
2026-01-21,Headphones,Accessories,2,241.36,482.72
2026-01-23,Smartphone,Electronics,1,1868.65,1868.65
2026-03-27,Headphones,Accessories,4,260.61,1042.44
2026-01-21,Headphones,Accessories,3,257.77,773.31
2026-03-02,Headphones,Accessories,1,240.2,240.2
2026-02-14,Smartphone,Electronics,4,1745.92,6983.68
2026-01-29,Keyboard,Accessories,2,154.81,309.62
2026-02-12,Notebook,Electronics,4,3556.01,14224.04
2026-02-14,Keyboard,Accessories,3,155.47,466.41
2026-02-12,Headphones,Accessories,5,250.24,1251.2
2026-01-23,Notebook,Electronics,3,3365.37,10096.11
2026-01-05,Monitor,Electronics,3,1255.5,3766.5
2026-02-10,Notebook,Electronics,3,3533.8,10601.4
2026-01-15,Mouse,Accessories,5,80.85,404.25
2026-02-02,Mouse,Accessories,2,83.2,166.4
2026-03-08,Notebook,Electronics,1,3573.07,3573.07
2026-02-16,Monitor,Electronics,2,1222.42,2444.84
2026-03-21,Mouse,Accessories,3,76.56,229.68
2026-02-08,Keyboard,Accessories,1,152.45,152.45
2026-02-11,Monitor,Electronics,4,1177.11,4708.44
2026-01-17,Mouse,Accessories,5,81.58,407.9
2026-03-28,Smartphone,Electronics,4,1785.68,7142.72
2026-03-14,Headphones,Accessories,5,260.07,1300.35
2026-02-08,Keyboard,Accessories,1,148.59,148.59
2026-03-19,Keyboard,Accessories,5,145.65,728.25
2026-02-26,Headphones,Accessories,4,245.56,982.24
2026-01-22,Headphones,Accessories,4,242.84,971.36
2026-03-26,Headphones,Accessories,5,239.62,1198.1
2026-01-31,Headphones,Accessories,1,252.98,252.98
2026-01-19,Headphones,Accessories,2,245.26,490.52
2026-03-20,Notebook,Electronics,4,3341.17,13364.68
2026-01-25,Notebook,Electronics,5,3484.4,17422.0
2026-02-21,Headphones,Accessories,4,254.91,1019.64
2026-01-14,Smartphone,Electronics,1,1736.56,1736.56
2026-03-01,Mouse,Accessories,5,77.75,388.75
2026-02-28,Notebook,Electronics,1,3520.09,3520.09
2026-03-13,Smartphone,Electronics,5,1854.25,9271.25
2026-03-20,Monitor,Electronics,4,1178.08,4712.32
2026-03-12,Headphones,Accessories,4,259.8,1039.2
2026-02-27,Mouse,Accessories,4,83.18,332.72
2026-03-08,Keyboard,Accessories,3,153.78,461.34
2026-02-26,Mouse,Accessories,3,81.01,243.03
2026-02-04,Notebook,Electronics,2,3574.74,7149.48
2026-01-11,Keyboard,Accessories,5,147.3,736.5
2026-03-30,Smartphone,Electronics,4,1737.15,6948.6
2026-02-23,Smartphone,Electronics,1,1837.16,1837.16
2026-02-23,Mouse,Accessories,4,78.65,314.6
2026-02-19,Notebook,Electronics,4,3397.39,13589.56
2026-03-15,Monitor,Electronics,1,1253.53,1253.53
2026-02-08,Mouse,Accessories,3,79.82,239.46
2026-03-10,Mouse,Accessories,4,82.83,331.32
2026-01-29,Headphones,Accessories,5,255.87,1279.35
2026-03-04,Mouse,Accessories,4,77.76,311.04
2026-01-22,Notebook,Electronics,4,3461.1,13844.4
2026-03-10,Mouse,Accessories,5,83.36,416.8
2026-03-14,Notebook,Electronics,5,3642.43,18212.15
2026-01-18,Headphones,Accessories,4,238.18,952.72
2026-02-18,Mouse,Accessories,3,77.45,232.35
2026-02-13,Keyboard,Accessories,3,145.67,437.01
2026-02-02,Mouse,Accessories,4,78.23,312.92
2026-01-07,Notebook,Electronics,5,3489.61,17448.05
2026-03-25,Keyboard,Accessories,1,145.86,145.86
2026-01-26,Notebook,Electronics,2,3588.98,7177.96
2026-01-17,Notebook,Electronics,2,3542.47,7084.94
2026-01-28,Mouse,Accessories,5,81.36,406.8
2026-01-22,Mouse,Accessories,3,81.6,244.8
2026-01-21,Monitor,Electronics,1,1212.87,1212.87
2026-02-09,Keyboard,Accessories,1,144.12,144.12
2026-02-20,Monitor,Electronics,4,1221.28,4885.12
2026-03-30,Headphones,Accessories,5,242.46,1212.3
2026-03-29,Headphones,Accessories,3,243.57,730.71
2026-01-06,Monitor,Electronics,5,1236.66,6183.3
2026-01-09,Keyboard,Accessories,3,150.49,451.47
2026-02-23,Monitor,Electronics,1,1217.71,1217.71
2026-03-23,Mouse,Accessories,3,76.84,230.52
2026-01-23,Mouse,Accessories,4,81.66,326.64
2026-03-20,Headphones,Accessories,3,250.54,751.62
2026-02-25,Monitor,Electronics,4,1232.96,4931.84
2026-02-01,Headphones,Accessories,3,252.31,756.93
2026-02-01,Notebook,Electronics,4,3422.62,13690.48
2026-02-13,Mouse,Accessories,4,80.56,322.24
2026-01-24,Notebook,Electronics,3,3498.01,10494.03
2026-02-13,Mouse,Accessories,3,77.7,233.1
2026-03-13,Keyboard,Accessories,3,155.7,467.1
2026-01-11,Notebook,Electronics,2,3505.82,7011.64
2026-03-13,Smartphone,Electronics,4,1839.61,7358.44
2026-02-27,Smartphone,Electronics,4,1834.31,7337.24
2026-02-21,Notebook,Electronics,2,3357.57,6715.14
2026-02-17,Headphones,Accessories,5,243.58,1217.9
2026-02-24,Mouse,Accessories,3,80.43,241.29
2026-03-31,Headphones,Accessories,3,251.26,753.78
2026-01-30,Mouse,Accessories,3,78.17,234.51
2026-01-16,Notebook,Electronics,3,3577.45,10732.35
2026-01-25,Headphones,Accessories,2,250.9,501.8
2026-03-17,Smartphone,Electronics,3,1842.95,5528.85
2026-01-25,Monitor,Electronics,1,1211.61,1211.61
2026-02-08,Keyboard,Accessories,2,145.91,291.82
2026-02-05,Notebook,Electronics,2,3572.81,7145.62
2026-02-07,Notebook,Electronics,5,3666.0,18330.0
2026-01-14,Headphones,Accessories,4,261.1,1044.4
2026-03-03,Notebook,Electronics,4,3525.92,14103.68
2026-02-02,Mouse,Accessories,1,78.73,78.73
2026-02-21,Mouse,Accessories,1,76.91,76.91
2026-01-20,Mouse,Accessories,1,76.59,76.59
2026-01-11,Smartphone,Electronics,3,1856.01,5568.03
2026-03-19,Smartphone,Electronics,4,1731.32,6925.28
2026-03-08,Monitor,Electronics,2,1234.89,2469.78
2026-02-08,Mouse,Accessories,4,79.6,318.4
2026-03-14,Monitor,Electronics,3,1258.8,3776.4
2026-01-27,Monitor,Electronics,1,1147.23,1147.23
2026-01-21,Headphones,Accessories,1,242.78,242.78
2026-01-21,Smartphone,Electronics,1,1741.29,1741.29
2026-03-02,Notebook,Electronics,5,3467.98,17339.9
2026-04-01,Keyboard,Accessories,3,142.99,428.97
2026-01-10,Keyboard,Accessories,4,153.04,612.16
2026-03-22,Headphones,Accessories,3,243.34,730.02
2026-02-24,Monitor,Electronics,2,1219.34,2438.68
2026-02-04,Notebook,Electronics,2,3515.6,7031.2
2026-02-09,Smartphone,Electronics,2,1722.85,3445.7
2026-02-06,Monitor,Electronics,5,1229.87,6149.35
2026-03-31,Mouse,Accessories,3,76.99,230.97
2026-03-11,Mouse,Accessories,5,83.54,417.7
2026-01-06,Mouse,Accessories,5,79.5,397.5
2026-02-02,Mouse,Accessories,5,81.88,409.4
2026-03-17,Notebook,Electronics,5,3356.96,16784.8
2026-03-15,Notebook,Electronics,3,3674.85,11024.55
2026-03-02,Notebook,Electronics,2,3592.09,7184.18
2026-01-24,Monitor,Electronics,3,1218.18,3654.54
2026-01-12,Monitor,Electronics,4,1192.31,4769.24
2026-02-11,Mouse,Accessories,3,78.78,236.34
2026-02-12,Headphones,Accessories,2,240.11,480.22
2026-03-26,Mouse,Accessories,3,81.55,244.65
2026-01-05,Mouse,Accessories,5,82.51,412.55
2026-02-11,Mouse,Accessories,3,76.7,230.1
2026-03-07,Notebook,Electronics,4,3664.56,14658.24
2026-03-01,Notebook,Electronics,5,3555.18,17775.9
2026-02-16,Mouse,Accessories,5,76.43,382.15
2026-01-07,Monitor,Electronics,4,1230.77,4923.08
2026-02-06,Smartphone,Electronics,2,1758.07,3516.14
2026-01-16,Mouse,Accessories,4,83.05,332.2
2026-01-31,Notebook,Electronics,5,3665.6,18328.0
2026-01-02,Headphones,Accessories,5,241.46,1207.3
2026-01-15,Monitor,Electronics,2,1188.96,2377.92
2026-03-05,Mouse,Accessories,2,83.58,167.16
2026-02-23,Headphones,Accessories,3,244.8,734.4
2026-02-28,Mouse,Accessories,2,83.84,167.68
2026-03-18,Monitor,Electronics,2,1157.36,2314.72
2026-01-09,Monitor,Electronics,2,1229.56,2459.12
2026-02-13,Keyboard,Accessories,4,154.09,616.36
2026-02-06,Monitor,Electronics,1,1172.06,1172.06
2026-03-16,Headphones,Accessories,5,244.96,1224.8
2026-02-27,Headphones,Accessories,2,249.74,499.48
2026-03-12,Monitor,Electronics,3,1198.12,3594.36
2026-01-25,Monitor,Electronics,3,1185.27,3555.81
2026-01-30,Headphones,Accessories,4,243.47,973.88
2026-04-01,Mouse,Accessories,4,76.35,305.4
2026-03-05,Mouse,Accessories,2,79.09,158.18
2026-02-12,Notebook,Electronics,5,3369.19,16845.95
2026-01-13,Notebook,Electronics,4,3630.97,14523.88
2026-01-19,Monitor,Electronics,1,1249.25,1249.25
2026-01-10,Mouse,Accessories,2,82.97,165.94
2026-02-13,Mouse,Accessories,3,82.25,246.75
2026-02-12,Monitor,Electronics,1,1223.12,1223.12
2026-02-10,Headphones,Accessories,4,258.98,1035.92
2026-03-11,Headphones,Accessories,4,255.47,1021.88
2026-03-22,Notebook,Electronics,2,3541.11,7082.22
2026-01-12,Headphones,Accessories,2,260.52,521.04
2026-02-26,Mouse,Accessories,1,83.83,83.83
2026-01-06,Smartphone,Electronics,1,1834.92,1834.92
2026-02-15,Keyboard,Accessories,3,154.44,463.32
2026-03-09,Keyboard,Accessories,2,148.96,297.92
2026-01-22,Mouse,Accessories,2,80.53,161.06
2026-03-21,Smartphone,Electronics,4,1724.21,6896.84
2026-01-19,Headphones,Accessories,5,243.52,1217.6
2026-02-28,Smartphone,Electronics,3,1793.01,5379.03
2026-02-06,Keyboard,Accessories,4,152.5,610.0
2026-02-26,Headphones,Accessories,1,251.16,251.16
2026-03-23,Keyboard,Accessories,3,157.31,471.93
2026-02-08,Mouse,Accessories,4,81.52,326.08
2026-01-14,Smartphone,Electronics,4,1889.89,7559.56
2026-03-15,Smartphone,Electronics,3,1778.65,5335.95
2026-01-03,Keyboard,Accessories,3,157.39,472.17
2026-03-14,Headphones,Accessories,1,247.4,247.4
2026-03-19,Headphones,Accessories,1,256.96,256.96
2026-01-30,Headphones,Accessories,3,249.92,749.76
2026-03-23,Monitor,Electronics,2,1236.23,2472.46
2026-03-22,Smartphone,Electronics,2,1821.76,3643.52
2026-02-09,Notebook,Electronics,1,3641.19,3641.19
2026-01-17,Mouse,Accessories,3,76.27,228.81
2026-02-23,Notebook,Electronics,3,3643.37,10930.11
2026-02-16,Smartphone,Electronics,5,1746.14,8730.7
2026-01-22,Monitor,Electronics,3,1200.22,3600.66
2026-02-07,Keyboard,Accessories,4,156.21,624.84
2026-03-01,Headphones,Accessories,1,259.26,259.26
2026-03-28,Notebook,Electronics,2,3374.26,6748.52
2026-03-13,Headphones,Accessories,4,254.36,1017.44
2026-01-02,Keyboard,Accessories,4,143.85,575.4
2026-02-17,Keyboard,Accessories,4,150.55,602.2
2026-03-16,Headphones,Accessories,3,256.23,768.69
2026-01-14,Mouse,Accessories,3,82.58,247.74
2026-03-21,Headphones,Accessories,1,243.35,243.35
2026-01-29,Monitor,Electronics,5,1179.36,5896.8
2026-03-31,Headphones,Accessories,4,239.08,956.32
2026-01-18,Keyboard,Accessories,1,152.24,152.24
2026-03-05,Notebook,Electronics,3,3656.19,10968.57
2026-01-18,Notebook,Electronics,5,3359.02,16795.1
2026-02-23,Mouse,Accessories,5,79.63,398.15
2026-02-23,Monitor,Electronics,2,1229.07,2458.14
2026-03-20,Headphones,Accessories,4,239.98,959.92
2026-01-05,Mouse,Accessories,3,83.51,250.53
2026-02-26,Headphones,Accessories,4,246.76,987.04
2026-03-29,Smartphone,Electronics,1,1863.98,1863.98
2026-01-08,Keyboard,Accessories,3,150.67,452.01
2026-02-28,Mouse,Accessories,1,78.21,78.21
2026-01-03,Notebook,Electronics,5,3556.97,17784.85
2026-01-17,Notebook,Electronics,2,3600.38,7200.76
2026-01-27,Monitor,Electronics,5,1164.62,5823.1
2026-02-12,Monitor,Electronics,2,1165.91,2331.82
2026-01-01,Smartphone,Electronics,5,1851.96,9259.8
2026-01-17,Keyboard,Accessories,2,155.38,310.76
2026-01-15,Monitor,Electronics,2,1170.08,2340.16
2026-01-02,Headphones,Accessories,2,259.16,518.32
2026-03-17,Keyboard,Accessories,2,154.35,308.7
2026-01-07,Keyboard,Accessories,3,142.74,428.22
2026-01-15,Smartphone,Electronics,5,1843.51,9217.55
2026-02-16,Headphones,Accessories,4,239.09,956.36
2026-03-06,Monitor,Electronics,4,1211.24,4844.96
2026-03-26,Smartphone,Electronics,1,1880.17,1880.17
2026-01-08,Monitor,Electronics,1,1176.2,1176.2
2026-03-29,Mouse,Accessories,4,82.78,331.12
2026-01-10,Notebook,Electronics,4,3496.59,13986.36
2026-01-09,Notebook,Electronics,2,3437.74,6875.48
2026-03-12,Smartphone,Electronics,5,1759.5,8797.5
2026-03-09,Headphones,Accessories,5,245.63,1228.15
2026-02-25,Keyboard,Accessories,5,149.31,746.55
2026-03-25,Notebook,Electronics,1,3602.58,3602.58
2026-01-28,Headphones,Accessories,5,259.44,1297.2
2026-02-22,Mouse,Accessories,2,79.61,159.22
2026-02-23,Keyboard,Accessories,4,154.91,619.64
2026-02-10,Headphones,Accessories,4,239.88,959.52
2026-03-29,Headphones,Accessories,2,243.87,487.74
2026-01-12,Mouse,Accessories,1,76.54,76.54
2026-01-17,Mouse,Accessories,3,76.77,230.31
2026-03-13,Monitor,Electronics,5,1147.2,5736.0
2026-02-15,Keyboard,Accessories,4,152.55,610.2
2026-01-07,Headphones,Accessories,4,261.03,1044.12
2026-01-14,Keyboard,Accessories,3,151.51,454.53
2026-03-26,Monitor,Electronics,2,1200.89,2401.78
2026-02-14,Mouse,Accessories,1,77.79,77.79
2026-03-15,Monitor,Electronics,3,1184.11,3552.33
2026-03-21,Smartphone,Electronics,5,1855.3,9276.5
2026-01-04,Monitor,Electronics,5,1221.0,6105.0
2026-01-04,Monitor,Electronics,3,1251.49,3754.47
2026-02-13,Smartphone,Electronics,3,1759.19,5277.57
2026-03-14,Keyboard,Accessories,2,142.59,285.18
2026-03-23,Headphones,Accessories,2,247.52,495.04
2026-01-28,Notebook,Electronics,5,3357.12,16785.6
2026-01-21,Mouse,Accessories,3,79.36,238.08
2026-03-14,Keyboard,Accessories,3,147.17,441.51
2026-01-20,Monitor,Electronics,1,1150.19,1150.19
2026-03-28,Smartphone,Electronics,1,1845.8,1845.8
2026-03-04,Notebook,Electronics,4,3420.24,13680.96
2026-01-28,Monitor,Electronics,3,1193.05,3579.15
2026-01-15,Monitor,Electronics,4,1153.66,4614.64
2026-03-04,Keyboard,Accessories,5,152.67,763.35
2026-01-29,Monitor,Electronics,1,1220.06,1220.06
2026-01-01,Mouse,Accessories,1,83.88,83.88
2026-01-18,Smartphone,Electronics,2,1764.26,3528.52
2026-01-01,Keyboard,Accessories,1,146.84,146.84
2026-01-17,Mouse,Accessories,2,81.98,163.96
2026-03-06,Mouse,Accessories,2,80.26,160.52
2026-01-10,Monitor,Electronics,3,1240.0,3720.0
2026-02-25,Mouse,Accessories,1,82.89,82.89
2026-02-10,Notebook,Electronics,1,3485.91,3485.91
2026-04-01,Monitor,Electronics,4,1191.51,4766.04
2026-02-21,Headphones,Accessories,1,247.94,247.94
2026-03-21,Notebook,Electronics,2,3663.17,7326.34
2026-01-12,Mouse,Accessories,3,82.66,247.98
2026-02-25,Mouse,Accessories,2,82.76,165.52
2026-02-20,Monitor,Electronics,1,1188.05,1188.05
2026-02-12,Keyboard,Accessories,2,153.69,307.38
2026-03-09,Smartphone,Electronics,1,1723.75,1723.75
2026-02-14,Monitor,Electronics,3,1163.27,3489.81
2026-01-31,Headphones,Accessories,2,261.46,522.92
2026-01-23,Notebook,Electronics,2,3376.26,6752.52
2026-01-23,Monitor,Electronics,1,1158.34,1158.34
2026-03-16,Headphones,Accessories,5,249.85,1249.25
2026-03-24,Mouse,Accessories,5,81.45,407.25
2026-03-22,Headphones,Accessories,3,262.16,786.48
2026-03-02,Keyboard,Accessories,1,144.76,144.76
2026-03-17,Mouse,Accessories,3,81.05,243.15
2026-02-09,Notebook,Electronics,1,3448.18,3448.18
2026-02-17,Mouse,Accessories,1,79.62,79.62
2026-03-20,Keyboard,Accessories,1,143.65,143.65
2026-03-16,Monitor,Electronics,4,1200.85,4803.4
2026-02-27,Monitor,Electronics,1,1254.51,1254.51
2026-03-19,Monitor,Electronics,3,1218.22,3654.66
2026-02-27,Mouse,Accessories,1,80.01,80.01
2026-01-11,Notebook,Electronics,3,3608.84,10826.52
2026-02-01,Monitor,Electronics,1,1217.54,1217.54
2026-03-09,Headphones,Accessories,4,248.44,993.76
2026-02-17,Monitor,Electronics,3,1213.18,3639.54
2026-03-28,Keyboard,Accessories,3,148.31,444.93
2026-01-09,Monitor,Electronics,3,1146.28,3438.84
2026-02-06,Keyboard,Accessories,4,143.92,575.68
2026-01-20,Keyboard,Accessories,5,153.36,766.8
2026-02-14,Keyboard,Accessories,2,143.72,287.44
2026-01-17,Keyboard,Accessories,4,157.02,628.08
2026-02-09,Monitor,Electronics,1,1225.06,1225.06
2026-01-17,Monitor,Electronics,3,1185.2,3555.6
2026-01-12,Headphones,Accessories,5,255.07,1275.35
2026-02-16,Headphones,Accessories,5,254.26,1271.3
2026-01-28,Notebook,Electronics,2,3451.91,6903.82
2026-01-25,Keyboard,Accessories,4,156.72,626.88
2026-01-10,Smartphone,Electronics,2,1890.0,3780.0
2026-03-06,Keyboard,Accessories,1,155.17,155.17
2026-01-05,Monitor,Electronics,5,1240.21,6201.05
2026-01-17,Headphones,Accessories,5,245.92,1229.6
2026-01-24,Monitor,Electronics,2,1185.21,2370.42
2026-02-26,Headphones,Accessories,2,256.78,513.56
2026-02-26,Notebook,Electronics,2,3468.8,6937.6
2026-01-30,Monitor,Electronics,4,1174.19,4696.76
2026-01-25,Monitor,Electronics,4,1168.7,4674.8
2026-02-26,Keyboard,Accessories,5,152.67,763.35
2026-03-06,Mouse,Accessories,4,82.16,328.64
2026-01-26,Monitor,Electronics,2,1190.24,2380.48
2026-01-07,Monitor,Electronics,3,1156.61,3469.83
2026-03-12,Headphones,Accessories,3,249.51,748.53
2026-01-16,Notebook,Electronics,5,3573.99,17869.95
2026-02-04,Keyboard,Accessories,2,143.76,287.52
2026-02-25,Mouse,Accessories,2,83.24,166.48
2026-02-27,Notebook,Electronics,2,3656.24,7312.48
2026-01-07,Keyboard,Accessories,4,156.46,625.84
2026-02-19,Mouse,Accessories,2,80.02,160.04
2026-02-10,Notebook,Electronics,1,3456.22,3456.22
2026-01-19,Notebook,Electronics,3,3618.71,10856.13
2026-03-31,Smartphone,Electronics,4,1716.89,6867.56
2026-02-27,Smartphone,Electronics,4,1846.59,7386.36
2026-01-03,Monitor,Electronics,1,1140.63,1140.63
2026-03-12,Keyboard,Accessories,2,145.73,291.46
2026-01-15,Headphones,Accessories,4,252.72,1010.88
2026-01-07,Keyboard,Accessories,1,146.06,146.06
2026-02-28,Smartphone,Electronics,5,1785.57,8927.85
2026-03-18,Notebook,Electronics,4,3363.8,13455.2
2026-03-15,Monitor,Electronics,5,1141.97,5709.85
2026-02-24,Smartphone,Electronics,3,1839.34,5518.02
2026-03-15,Notebook,Electronics,2,3540.18,7080.36
2026-03-09,Mouse,Accessories,1,77.5,77.5
2026-03-11,Keyboard,Accessories,5,143.52,717.6
2026-03-12,Monitor,Electronics,5,1234.37,6171.85
2026-01-06,Notebook,Electronics,4,3461.66,13846.64
2026-02-02,Headphones,Accessories,3,247.17,741.51
2026-02-14,Headphones,Accessories,1,237.91,237.91
2026-03-16,Smartphone,Electronics,1,1841.93,1841.93
2026-01-06,Headphones,Accessories,2,256.42,512.84
2026-03-29,Keyboard,Accessories,2,150.69,301.38
2026-03-22,Mouse,Accessories,4,83.85,335.4
2026-02-28,Smartphone,Electronics,1,1856.07,1856.07
2026-01-26,Notebook,Electronics,1,3427.7,3427.7
2026-03-07,Notebook,Electronics,3,3435.46,10306.38
2026-03-02,Mouse,Accessories,5,83.91,419.55
2026-02-06,Keyboard,Accessories,2,143.05,286.1
2026-03-25,Keyboard,Accessories,1,155.43,155.43
2026-02-25,Keyboard,Accessories,3,146.6,439.8
2026-02-13,Mouse,Accessories,4,81.95,327.8
2026-02-17,Smartphone,Electronics,4,1799.32,7197.28
2026-02-24,Monitor,Electronics,1,1172.01,1172.01
2026-03-11,Notebook,Electronics,2,3475.71,6951.42
2026-02-11,Keyboard,Accessories,1,147.32,147.32
2026-03-19,Headphones,Accessories,4,244.89,979.56
2026-02-14,Headphones,Accessories,4,248.15,992.6
2026-03-20,Mouse,Accessories,3,76.34,229.02
2026-01-10,Mouse,Accessories,1,78.2,78.2
2026-03-07,Headphones,Accessories,3,253.44,760.32
2026-01-19,Headphones,Accessories,1,254.49,254.49
2026-01-05,Monitor,Electronics,4,1221.37,4885.48
2026-02-16,Smartphone,Electronics,3,1722.1,5166.3
2026-03-19,Mouse,Accessories,1,83.6,83.6
2026-02-17,Smartphone,Electronics,3,1832.23,5496.69
2026-01-18,Mouse,Accessories,5,82.1,410.5
2026-03-25,Monitor,Electronics,3,1184.03,3552.09
2026-01-04,Keyboard,Accessories,1,146.24,146.24
2026-02-19,Headphones,Accessories,5,242.15,1210.75
2026-04-01,Monitor,Electronics,3,1154.13,3462.39
2026-02-06,Mouse,Accessories,5,77.72,388.6
2026-01-26,Headphones,Accessories,4,260.41,1041.64
2026-02-27,Notebook,Electronics,1,3372.5,3372.5
2026-01-12,Smartphone,Electronics,4,1871.76,7487.04
2026-03-27,Headphones,Accessories,3,261.69,785.07
2026-03-11,Keyboard,Accessories,5,153.14,765.7
2026-04-01,Keyboard,Accessories,2,155.87,311.74
2026-03-07,Headphones,Accessories,3,253.44,760.32
2026-01-18,Smartphone,Electronics,2,1731.85,3463.7
2026-02-16,Smartphone,Electronics,1,1852.27,1852.27
2026-03-12,Monitor,Electronics,4,1208.67,4834.68
2026-01-09,Smartphone,Electronics,1,1820.15,1820.15
2026-03-09,Keyboard,Accessories,4,148.47,593.88
2026-01-10,Mouse,Accessories,5,82.15,410.75
